"","Var1","Var2","Var3","Var4","Var5","Var6","Var7","Var8","Var9","Var10","Var11","Var12"
"1",101.370958447147,102.018423713877,99.7157470785839,101.895193461265,101.03510352197,100.2059986002,99.5685537973867,100.679288816055,99.2727079405255,100.623518162,101.512707009805,100.933346328571
"2",99.4353018286039,99.9372859009476,97.3435445790952,99.5695308683938,99.3910736245928,99.6389427014513,100.655647883402,100.089832886579,101.302542632044,99.0464766422277,100.257921437532,100.821773110508
"3",100.363128411337,101.304869654223,97.5595330714245,99.7427306172311,100.504955123298,100.7581632357,100.321925265204,97.0069099168471,100.335848119752,99.4571711854261,100.08844022916,101.392116375934
"4",100.632862604961,102.286645392701,101.32011334573,98.2368369148052,98.2829913209267,99.2732951729234,99.2161610591196,100.284882953531,101.038506098698,100.580996497682,99.8791034624609,99.5238260769453
"5",100.404268323141,98.6111392988877,99.6933614059215,100.460097354831,99.2155409916205,98.6317189555807,101.575727519792,99.632765357259,100.920728568291,100.768178737835,98.8056711048395,100.650348560726
"6",99.8938754839085,99.7212112331826,98.21869156602,99.3600051240399,99.1490924058235,100.432818025889,100.642899305717,100.185230564866,100.720878162867,100.46376758854,100.61199689804,101.39111045639
"7",101.511521997439,99.8666786636063,99.8280826442404,100.455450123241,97.5857923500534,99.1886068238133,100.0897606466,100.581823727366,98.9568810614321,99.1142237025903,99.7828601542535,98.8892111205521
"8",99.9053409615869,100.63595039807,101.214674699173,100.704837337229,100.036122606892,101.444101261721,100.276550747291,101.399736827293,99.9098136133893,98.9002191013521,99.8172432936681,99.1392074131222
